"start","end","type"
"1000207","2","SOURCE_FILE"
"1000209","2","REF"
"1000166","2","AST"
"1000170","2","AST"
"1000175","2","AST"
"1000179","2","AST"
"1000184","2","AST"
"1000189","2","AST"
"1000161","2","AST"
"1000162","2","AST"
"1000163","2","AST"
"1000164","2","AST"
"1000165","2","AST"
"1000161","100","REF"
"1000162","101","REF"
"1000163","102","REF"
"1000164","103","REF"
"1000165","104","REF"
"1000208","1000099","SOURCE_FILE"
"1000209","1000099","REF"
"1000100","1000099","AST"
"1000208","1000100","SOURCE_FILE"
"1000104","1000100","CONTAINS"
"1000105","1000100","CONTAINS"
"1000106","1000100","CONTAINS"
"1000107","1000100","CONTAINS"
"1000108","1000100","CONTAINS"
"1000109","1000100","CONTAINS"
"1000110","1000100","CONTAINS"
"1000111","1000100","CONTAINS"
"1000112","1000100","CONTAINS"
"1000113","1000100","CONTAINS"
"1000114","1000100","CONTAINS"
"1000115","1000100","CONTAINS"
"1000116","1000100","CONTAINS"
"1000117","1000100","CONTAINS"
"1000118","1000100","CONTAINS"
"1000119","1000100","CONTAINS"
"1000120","1000100","CONTAINS"
"1000121","1000100","CONTAINS"
"1000122","1000100","CONTAINS"
"1000123","1000100","CONTAINS"
"1000124","1000100","CONTAINS"
"1000125","1000100","CONTAINS"
"1000126","1000100","CONTAINS"
"1000127","1000100","CONTAINS"
"1000128","1000100","CONTAINS"
"1000129","1000100","CONTAINS"
"1000130","1000100","CONTAINS"
"1000131","1000100","CONTAINS"
"1000132","1000100","CONTAINS"
"1000133","1000100","CONTAINS"
"1000134","1000100","CONTAINS"
"1000135","1000100","CONTAINS"
"1000136","1000100","CONTAINS"
"1000137","1000100","CONTAINS"
"1000138","1000100","CONTAINS"
"1000139","1000100","CONTAINS"
"1000140","1000100","CONTAINS"
"1000141","1000100","CONTAINS"
"1000142","1000100","CONTAINS"
"1000143","1000100","CONTAINS"
"1000144","1000100","CONTAINS"
"1000145","1000100","CONTAINS"
"1000146","1000100","CONTAINS"
"1000147","1000100","CONTAINS"
"1000148","1000100","CONTAINS"
"1000149","1000100","CONTAINS"
"1000150","1000100","CONTAINS"
"1000151","1000100","CONTAINS"
"1000152","1000100","CONTAINS"
"1000153","1000100","CONTAINS"
"1000154","1000100","CONTAINS"
"1000155","1000100","CONTAINS"
"1000156","1000100","CONTAINS"
"1000157","1000100","CONTAINS"
"1000158","1000100","CONTAINS"
"1000101","1000100","AST"
"1000102","1000100","AST"
"1000103","1000100","AST"
"1000104","1000100","AST"
"1000159","1000100","AST"
"1000194","1000100","AST"
"1000195","1000100","AST"
"1000196","1000100","AST"
"1000107","1000100","DOMINATE"
"1000107","1000100","CFG"
"1000194","1000101","PARAMETER_LINK"
"101","1000101","EVAL_TYPE"
"1000195","1000102","PARAMETER_LINK"
"103","1000102","EVAL_TYPE"
"1000196","1000103","PARAMETER_LINK"
"103","1000103","EVAL_TYPE"
"104","1000104","EVAL_TYPE"
"1000105","1000104","AST"
"1000132","1000104","AST"
"1000106","1000105","CONDITION"
"1000106","1000105","AST"
"1000108","1000105","AST"
"1000107","1000106","POST_DOMINATE"
"1000107","1000106","ARGUMENT"
"1000166","1000106","CALL"
"1000107","1000106","AST"
"1000111","1000106","DOMINATE"
"1000134","1000106","DOMINATE"
"1000111","1000106","CFG"
"1000134","1000106","CFG"
"1000110","1000106","CDG"
"1000112","1000106","CDG"
"1000111","1000106","CDG"
"1000100","1000107","POST_DOMINATE"
"103","1000107","EVAL_TYPE"
"1000102","1000107","REF"
"1000106","1000107","DOMINATE"
"1000106","1000107","CFG"
"104","1000108","EVAL_TYPE"
"1000109","1000108","AST"
"1000110","1000109","CONDITION"
"1000110","1000109","AST"
"1000113","1000109","AST"
"1000112","1000110","POST_DOMINATE"
"1000111","1000110","ARGUMENT"
"1000112","1000110","ARGUMENT"
"1000184","1000110","CALL"
"1000111","1000110","AST"
"1000112","1000110","AST"
"1000118","1000110","DOMINATE"
"1000118","1000110","CFG"
"1000134","1000110","CFG"
"1000121","1000110","CDG"
"1000125","1000110","CDG"
"1000116","1000110","CDG"
"1000131","1000110","CDG"
"1000120","1000110","CDG"
"1000117","1000110","CDG"
"1000127","1000110","CDG"
"1000126","1000110","CDG"
"1000128","1000110","CDG"
"1000129","1000110","CDG"
"1000123","1000110","CDG"
"1000124","1000110","CDG"
"1000119","1000110","CDG"
"1000130","1000110","CDG"
"1000114","1000110","CDG"
"1000115","1000110","CDG"
"1000118","1000110","CDG"
"1000122","1000110","CDG"
"103","1000111","EVAL_TYPE"
"1000103","1000111","REF"
"1000112","1000111","DOMINATE"
"1000112","1000111","CFG"
"1000111","1000112","POST_DOMINATE"
"100","1000112","EVAL_TYPE"
"1000110","1000112","DOMINATE"
"1000110","1000112","CFG"
"104","1000113","EVAL_TYPE"
"1000114","1000113","AST"
"1000123","1000113","AST"
"1000122","1000114","POST_DOMINATE"
"1000115","1000114","ARGUMENT"
"1000122","1000114","ARGUMENT"
"1000170","1000114","CALL"
"1000115","1000114","AST"
"1000122","1000114","AST"
"1000127","1000114","DOMINATE"
"1000127","1000114","CFG"
"1000121","1000115","POST_DOMINATE"
"1000116","1000115","ARGUMENT"
"1000121","1000115","ARGUMENT"
"1000179","1000115","CALL"
"1000116","1000115","AST"
"1000121","1000115","AST"
"1000122","1000115","DOMINATE"
"1000122","1000115","CFG"
"1000120","1000116","POST_DOMINATE"
"1000117","1000116","ARGUMENT"
"1000120","1000116","ARGUMENT"
"1000179","1000116","CALL"
"1000117","1000116","AST"
"1000120","1000116","AST"
"1000121","1000116","DOMINATE"
"1000121","1000116","CFG"
"1000119","1000117","POST_DOMINATE"
"1000118","1000117","ARGUMENT"
"1000119","1000117","ARGUMENT"
"1000189","1000117","CALL"
"1000118","1000117","AST"
"1000119","1000117","AST"
"1000120","1000117","DOMINATE"
"1000120","1000117","CFG"
"101","1000118","EVAL_TYPE"
"1000101","1000118","REF"
"1000119","1000118","DOMINATE"
"1000119","1000118","CFG"
"1000118","1000119","POST_DOMINATE"
"1000117","1000119","DOMINATE"
"1000117","1000119","CFG"
"1000117","1000120","POST_DOMINATE"
"103","1000120","EVAL_TYPE"
"1000116","1000120","DOMINATE"
"1000116","1000120","CFG"
"1000116","1000121","POST_DOMINATE"
"103","1000121","EVAL_TYPE"
"1000115","1000121","DOMINATE"
"1000115","1000121","CFG"
"1000115","1000122","POST_DOMINATE"
"100","1000122","EVAL_TYPE"
"1000114","1000122","DOMINATE"
"1000114","1000122","CFG"
"1000131","1000123","POST_DOMINATE"
"1000124","1000123","ARGUMENT"
"1000131","1000123","ARGUMENT"
"1000170","1000123","CALL"
"1000124","1000123","AST"
"1000131","1000123","AST"
"1000134","1000123","CFG"
"1000130","1000124","POST_DOMINATE"
"1000125","1000124","ARGUMENT"
"1000130","1000124","ARGUMENT"
"1000179","1000124","CALL"
"1000125","1000124","AST"
"1000130","1000124","AST"
"1000131","1000124","DOMINATE"
"1000131","1000124","CFG"
"1000129","1000125","POST_DOMINATE"
"1000126","1000125","ARGUMENT"
"1000129","1000125","ARGUMENT"
"1000179","1000125","CALL"
"1000126","1000125","AST"
"1000129","1000125","AST"
"1000130","1000125","DOMINATE"
"1000130","1000125","CFG"
"1000128","1000126","POST_DOMINATE"
"1000127","1000126","ARGUMENT"
"1000128","1000126","ARGUMENT"
"1000189","1000126","CALL"
"1000127","1000126","AST"
"1000128","1000126","AST"
"1000129","1000126","DOMINATE"
"1000129","1000126","CFG"
"1000114","1000127","POST_DOMINATE"
"101","1000127","EVAL_TYPE"
"1000101","1000127","REF"
"1000128","1000127","DOMINATE"
"1000128","1000127","CFG"
"1000127","1000128","POST_DOMINATE"
"1000126","1000128","DOMINATE"
"1000126","1000128","CFG"
"1000126","1000129","POST_DOMINATE"
"103","1000129","EVAL_TYPE"
"1000125","1000129","DOMINATE"
"1000125","1000129","CFG"
"1000125","1000130","POST_DOMINATE"
"103","1000130","EVAL_TYPE"
"1000124","1000130","DOMINATE"
"1000124","1000130","CFG"
"1000124","1000131","POST_DOMINATE"
"100","1000131","EVAL_TYPE"
"1000123","1000131","DOMINATE"
"1000123","1000131","CFG"
"1000133","1000132","CONDITION"
"1000133","1000132","AST"
"1000135","1000132","AST"
"1000134","1000133","POST_DOMINATE"
"1000134","1000133","ARGUMENT"
"1000175","1000133","CALL"
"1000134","1000133","AST"
"1000159","1000133","DOMINATE"
"1000138","1000133","DOMINATE"
"1000138","1000133","CFG"
"1000159","1000133","CFG"
"1000137","1000133","CDG"
"1000139","1000133","CDG"
"1000138","1000133","CDG"
"1000110","1000134","POST_DOMINATE"
"1000106","1000134","POST_DOMINATE"
"1000123","1000134","POST_DOMINATE"
"103","1000134","EVAL_TYPE"
"1000102","1000134","REF"
"1000133","1000134","DOMINATE"
"1000133","1000134","CFG"
"104","1000135","EVAL_TYPE"
"1000136","1000135","AST"
"1000137","1000136","CONDITION"
"1000137","1000136","AST"
"1000140","1000136","AST"
"1000139","1000137","POST_DOMINATE"
"1000138","1000137","ARGUMENT"
"1000139","1000137","ARGUMENT"
"1000184","1000137","CALL"
"1000138","1000137","AST"
"1000139","1000137","AST"
"1000145","1000137","DOMINATE"
"1000145","1000137","CFG"
"1000159","1000137","CFG"
"1000153","1000137","CDG"
"1000143","1000137","CDG"
"1000158","1000137","CDG"
"1000142","1000137","CDG"
"1000155","1000137","CDG"
"1000156","1000137","CDG"
"1000141","1000137","CDG"
"1000154","1000137","CDG"
"1000147","1000137","CDG"
"1000151","1000137","CDG"
"1000145","1000137","CDG"
"1000152","1000137","CDG"
"1000150","1000137","CDG"
"1000148","1000137","CDG"
"1000146","1000137","CDG"
"1000144","1000137","CDG"
"1000157","1000137","CDG"
"1000149","1000137","CDG"
"103","1000138","EVAL_TYPE"
"1000103","1000138","REF"
"1000139","1000138","DOMINATE"
"1000139","1000138","CFG"
"1000138","1000139","POST_DOMINATE"
"100","1000139","EVAL_TYPE"
"1000137","1000139","DOMINATE"
"1000137","1000139","CFG"
"104","1000140","EVAL_TYPE"
"1000141","1000140","AST"
"1000150","1000140","AST"
"1000149","1000141","POST_DOMINATE"
"1000142","1000141","ARGUMENT"
"1000149","1000141","ARGUMENT"
"1000170","1000141","CALL"
"1000142","1000141","AST"
"1000149","1000141","AST"
"1000154","1000141","DOMINATE"
"1000154","1000141","CFG"
"1000148","1000142","POST_DOMINATE"
"1000143","1000142","ARGUMENT"
"1000148","1000142","ARGUMENT"
"1000179","1000142","CALL"
"1000143","1000142","AST"
"1000148","1000142","AST"
"1000149","1000142","DOMINATE"
"1000149","1000142","CFG"
"1000147","1000143","POST_DOMINATE"
"1000144","1000143","ARGUMENT"
"1000147","1000143","ARGUMENT"
"1000179","1000143","CALL"
"1000144","1000143","AST"
"1000147","1000143","AST"
"1000148","1000143","DOMINATE"
"1000148","1000143","CFG"
"1000146","1000144","POST_DOMINATE"
"1000145","1000144","ARGUMENT"
"1000146","1000144","ARGUMENT"
"1000189","1000144","CALL"
"1000145","1000144","AST"
"1000146","1000144","AST"
"1000147","1000144","DOMINATE"
"1000147","1000144","CFG"
"101","1000145","EVAL_TYPE"
"1000101","1000145","REF"
"1000146","1000145","DOMINATE"
"1000146","1000145","CFG"
"1000145","1000146","POST_DOMINATE"
"1000144","1000146","DOMINATE"
"1000144","1000146","CFG"
"1000144","1000147","POST_DOMINATE"
"103","1000147","EVAL_TYPE"
"1000143","1000147","DOMINATE"
"1000143","1000147","CFG"
"1000143","1000148","POST_DOMINATE"
"103","1000148","EVAL_TYPE"
"1000142","1000148","DOMINATE"
"1000142","1000148","CFG"
"1000142","1000149","POST_DOMINATE"
"100","1000149","EVAL_TYPE"
"1000141","1000149","DOMINATE"
"1000141","1000149","CFG"
"1000158","1000150","POST_DOMINATE"
"1000151","1000150","ARGUMENT"
"1000158","1000150","ARGUMENT"
"1000170","1000150","CALL"
"1000151","1000150","AST"
"1000158","1000150","AST"
"1000159","1000150","CFG"
"1000157","1000151","POST_DOMINATE"
"1000152","1000151","ARGUMENT"
"1000157","1000151","ARGUMENT"
"1000179","1000151","CALL"
"1000152","1000151","AST"
"1000157","1000151","AST"
"1000158","1000151","DOMINATE"
"1000158","1000151","CFG"
"1000156","1000152","POST_DOMINATE"
"1000153","1000152","ARGUMENT"
"1000156","1000152","ARGUMENT"
"1000179","1000152","CALL"
"1000153","1000152","AST"
"1000156","1000152","AST"
"1000157","1000152","DOMINATE"
"1000157","1000152","CFG"
"1000155","1000153","POST_DOMINATE"
"1000154","1000153","ARGUMENT"
"1000155","1000153","ARGUMENT"
"1000189","1000153","CALL"
"1000154","1000153","AST"
"1000155","1000153","AST"
"1000156","1000153","DOMINATE"
"1000156","1000153","CFG"
"1000141","1000154","POST_DOMINATE"
"101","1000154","EVAL_TYPE"
"1000101","1000154","REF"
"1000155","1000154","DOMINATE"
"1000155","1000154","CFG"
"1000154","1000155","POST_DOMINATE"
"1000153","1000155","DOMINATE"
"1000153","1000155","CFG"
"1000153","1000156","POST_DOMINATE"
"103","1000156","EVAL_TYPE"
"1000152","1000156","DOMINATE"
"1000152","1000156","CFG"
"1000152","1000157","POST_DOMINATE"
"103","1000157","EVAL_TYPE"
"1000151","1000157","DOMINATE"
"1000151","1000157","CFG"
"1000151","1000158","POST_DOMINATE"
"100","1000158","EVAL_TYPE"
"1000150","1000158","DOMINATE"
"1000150","1000158","CFG"
"1000137","1000159","POST_DOMINATE"
"1000150","1000159","POST_DOMINATE"
"1000133","1000159","POST_DOMINATE"
"102","1000159","EVAL_TYPE"
"1000207","1000161","SOURCE_FILE"
"1000207","1000162","SOURCE_FILE"
"1000207","1000163","SOURCE_FILE"
"1000207","1000164","SOURCE_FILE"
"1000207","1000165","SOURCE_FILE"
"1000169","1000166","CONTAINS"
"1000167","1000166","AST"
"1000168","1000166","AST"
"1000169","1000166","AST"
"1000197","1000166","AST"
"1000197","1000167","PARAMETER_LINK"
"100","1000167","EVAL_TYPE"
"100","1000168","EVAL_TYPE"
"100","1000169","EVAL_TYPE"
"1000174","1000170","CONTAINS"
"1000171","1000170","AST"
"1000172","1000170","AST"
"1000173","1000170","AST"
"1000174","1000170","AST"
"1000198","1000170","AST"
"1000199","1000170","AST"
"1000198","1000171","PARAMETER_LINK"
"100","1000171","EVAL_TYPE"
"1000199","1000172","PARAMETER_LINK"
"100","1000172","EVAL_TYPE"
"100","1000173","EVAL_TYPE"
"100","1000174","EVAL_TYPE"
"1000178","1000175","CONTAINS"
"1000176","1000175","AST"
"1000177","1000175","AST"
"1000178","1000175","AST"
"1000200","1000175","AST"
"1000200","1000176","PARAMETER_LINK"
"100","1000176","EVAL_TYPE"
"100","1000177","EVAL_TYPE"
"100","1000178","EVAL_TYPE"
"1000183","1000179","CONTAINS"
"1000180","1000179","AST"
"1000181","1000179","AST"
"1000182","1000179","AST"
"1000183","1000179","AST"
"1000201","1000179","AST"
"1000202","1000179","AST"
"1000201","1000180","PARAMETER_LINK"
"100","1000180","EVAL_TYPE"
"1000202","1000181","PARAMETER_LINK"
"100","1000181","EVAL_TYPE"
"100","1000182","EVAL_TYPE"
"100","1000183","EVAL_TYPE"
"1000188","1000184","CONTAINS"
"1000185","1000184","AST"
"1000186","1000184","AST"
"1000187","1000184","AST"
"1000188","1000184","AST"
"1000203","1000184","AST"
"1000204","1000184","AST"
"1000203","1000185","PARAMETER_LINK"
"100","1000185","EVAL_TYPE"
"1000204","1000186","PARAMETER_LINK"
"100","1000186","EVAL_TYPE"
"100","1000187","EVAL_TYPE"
"100","1000188","EVAL_TYPE"
"1000193","1000189","CONTAINS"
"1000190","1000189","AST"
"1000191","1000189","AST"
"1000192","1000189","AST"
"1000193","1000189","AST"
"1000205","1000189","AST"
"1000206","1000189","AST"
"1000205","1000190","PARAMETER_LINK"
"100","1000190","EVAL_TYPE"
"1000206","1000191","PARAMETER_LINK"
"100","1000191","EVAL_TYPE"
"100","1000192","EVAL_TYPE"
"100","1000193","EVAL_TYPE"
"101","1000194","EVAL_TYPE"
"103","1000195","EVAL_TYPE"
"103","1000196","EVAL_TYPE"
"100","1000197","EVAL_TYPE"
"100","1000198","EVAL_TYPE"
"100","1000199","EVAL_TYPE"
"100","1000200","EVAL_TYPE"
"100","1000201","EVAL_TYPE"
"100","1000202","EVAL_TYPE"
"100","1000203","EVAL_TYPE"
"100","1000204","EVAL_TYPE"
"100","1000205","EVAL_TYPE"
"100","1000206","EVAL_TYPE"
